<?xml version="1.0" encoding="UTF-8"?>
<GenRun Id="impl_1" LaunchPart="xc7a35tcpg236-1" LaunchTime="1714914289">
  <File Type="PWROPT-DCP" Name="Nanoprocessor_pwropt.dcp"/>
  <File Type="ROUTE-PWR" Name="Nanoprocessor_power_routed.rpt"/>
  <File Type="PA-TCL" Name="Nanoprocessor.tcl"/>
  <File Type="ROUTE-PWR-SUM" Name="Nanoprocessor_power_summary_routed.pb"/>
  <File Type="REPORTS-TCL" Name="Nanoprocessor_reports.tcl"/>
  <File Type="BG-DRC" Name="Nanoprocessor.drc"/>
  <File Type="OPT-METHODOLOGY-DRC" Name="Nanoprocessor_methodology_drc_opted.rpt"/>
  <File Type="INIT-TIMING" Name="Nanoprocessor_timing_summary_init.rpt"/>
  <File Type="OPT-HWDEF" Name="Nanoprocessor.hwdef"/>
  <File Type="OPT-DCP" Name="Nanoprocessor_opt.dcp"/>
  <File Type="OPT-DRC" Name="Nanoprocessor_drc_opted.rpt"/>
  <File Type="OPT-TIMING" Name="Nanoprocessor_timing_summary_opted.rpt"/>
  <File Type="PWROPT-DRC" Name="Nanoprocessor_drc_pwropted.rpt"/>
  <File Type="PWROPT-TIMING" Name="Nanoprocessor_timing_summary_pwropted.rpt"/>
  <File Type="PLACE-DCP" Name="Nanoprocessor_placed.dcp"/>
  <File Type="PLACE-IO" Name="Nanoprocessor_io_placed.rpt"/>
  <File Type="PLACE-CLK" Name="Nanoprocessor_clock_utilization_placed.rpt"/>
  <File Type="PLACE-UTIL" Name="Nanoprocessor_utilization_placed.rpt"/>
  <File Type="PLACE-UTIL-PB" Name="Nanoprocessor_utilization_placed.pb"/>
  <File Type="PLACE-CTRL" Name="Nanoprocessor_control_sets_placed.rpt"/>
  <File Type="PLACE-SIMILARITY" Name="Nanoprocessor_incremental_reuse_placed.rpt"/>
  <File Type="PLACE-PRE-SIMILARITY" Name="Nanoprocessor_incremental_reuse_pre_placed.rpt"/>
  <File Type="PLACE-TIMING" Name="Nanoprocessor_timing_summary_placed.rpt"/>
  <File Type="POSTPLACE-PWROPT-DCP" Name="Nanoprocessor_postplace_pwropt.dcp"/>
  <File Type="POSTPLACE-PWROPT-TIMING" Name="Nanoprocessor_timing_summary_postplace_pwropted.rpt"/>
  <File Type="PHYSOPT-DCP" Name="Nanoprocessor_physopt.dcp"/>
  <File Type="PHYSOPT-DRC" Name="Nanoprocessor_drc_physopted.rpt"/>
  <File Type="BG-BIT" Name="Nanoprocessor.bit"/>
  <File Type="PHYSOPT-TIMING" Name="Nanoprocessor_timing_summary_physopted.rpt"/>
  <File Type="ROUTE-ERROR-DCP" Name="Nanoprocessor_routed_error.dcp"/>
  <File Type="ROUTE-DCP" Name="Nanoprocessor_routed.dcp"/>
  <File Type="ROUTE-BLACKBOX-DCP" Name="Nanoprocessor_routed_bb.dcp"/>
  <File Type="ROUTE-DRC" Name="Nanoprocessor_drc_routed.rpt"/>
  <File Type="ROUTE-DRC-PB" Name="Nanoprocessor_drc_routed.pb"/>
  <File Type="BITSTR-MSK" Name="Nanoprocessor.msk"/>
  <File Type="ROUTE-DRC-RPX" Name="Nanoprocessor_drc_routed.rpx"/>
  <File Type="BG-BGN" Name="Nanoprocessor.bgn"/>
  <File Type="ROUTE-METHODOLOGY-DRC" Name="Nanoprocessor_methodology_drc_routed.rpt"/>
  <File Type="BITSTR-RBT" Name="Nanoprocessor.rbt"/>
  <File Type="ROUTE-METHODOLOGY-DRC-RPX" Name="Nanoprocessor_methodology_drc_routed.rpx"/>
  <File Type="BG-BIN" Name="Nanoprocessor.bin"/>
  <File Type="ROUTE-METHODOLOGY-DRC-PB" Name="Nanoprocessor_methodology_drc_routed.pb"/>
  <File Type="ROUTE-PWR-RPX" Name="Nanoprocessor_power_routed.rpx"/>
  <File Type="ROUTE-STATUS" Name="Nanoprocessor_route_status.rpt"/>
  <File Type="ROUTE-STATUS-PB" Name="Nanoprocessor_route_status.pb"/>
  <File Type="ROUTE-TIMINGSUMMARY" Name="Nanoprocessor_timing_summary_routed.rpt"/>
  <File Type="ROUTE-TIMING-PB" Name="Nanoprocessor_timing_summary_routed.pb"/>
  <File Type="ROUTE-TIMING-RPX" Name="Nanoprocessor_timing_summary_routed.rpx"/>
  <File Type="ROUTE-SIMILARITY" Name="Nanoprocessor_incremental_reuse_routed.rpt"/>
  <File Type="RDI-RDI" Name="Nanoprocessor.vdi"/>
  <File Type="ROUTE-CLK" Name="Nanoprocessor_clock_utilization_routed.rpt"/>
  <File Type="POSTROUTE-PHYSOPT-DCP" Name="Nanoprocessor_postroute_physopt.dcp"/>
  <File Type="POSTROUTE-PHYSOPT-BLACKBOX-DCP" Name="Nanoprocessor_postroute_physopt_bb.dcp"/>
  <File Type="POSTROUTE-PHYSOPT-TIMING" Name="Nanoprocessor_timing_summary_postroute_physopted.rpt"/>
  <File Type="POSTROUTE-PHYSOPT-TIMING-PB" Name="Nanoprocessor_timing_summary_postroute_physopted.pb"/>
  <File Type="POSTROUTE-PHYSOPT-TIMING-RPX" Name="Nanoprocessor_timing_summary_postroute_physopted.rpx"/>
  <File Type="BITSTR-NKY" Name="Nanoprocessor.nky"/>
  <File Type="BITSTR-BMM" Name="Nanoprocessor_bd.bmm"/>
  <File Type="BITSTR-MMI" Name="Nanoprocessor.mmi"/>
  <File Type="BITSTR-LTX" Name="debug_nets.ltx"/>
  <File Type="BITSTR-LTX" Name="Nanoprocessor.ltx"/>
  <File Type="BITSTR-SYSDEF" Name="Nanoprocessor.sysdef"/>
  <File Type="WBT-USG" Name="usage_statistics_webtalk.html"/>
  <FileSet Name="sources" Type="DesignSrcs" RelSrcDir="$PSRCDIR/sources_1">
    <Filter Type="Srcs"/>
    <File Path="$PSRCDIR/sources_1/imports/labs/project_6.1/project_6.1.srcs/sources_1/imports/sources_1/new/2_way_3_bit_MUX.vhd">
      <FileInfo>
        <Attr Name="ImportPath" Val="$PPRDIR/../../../../ASUS/AppData/Local/Temp/e749c53d-5b00-4c18-9b16-af04d0c9c4db_final nano processor with multiplier.zip.4db/Vivado Nano Processor/final_project/final_project.srcs/sources_1/new/2_way_3_bit_MUX.vhd"/>
        <Attr Name="ImportTime" Val="1712243035"/>
        <Attr Name="UsedIn" Val="synthesis"/>
        <Attr Name="UsedIn" Val="simulation"/>
      </FileInfo>
    </File>
    <File Path="$PSRCDIR/sources_1/imports/labs/project_6.1/project_6.1.srcs/sources_1/imports/vivado/Vivado/lab3/lab3.srcs/sources_1/new/Decoder_3_to_8.vhd">
      <FileInfo>
        <Attr Name="ImportPath" Val="$PPRDIR/../../../vivado/Vivado/lab3/lab3.srcs/sources_1/new/Decoder_3_to_8.vhd"/>
        <Attr Name="ImportTime" Val="1713515552"/>
        <Attr Name="UsedIn" Val="synthesis"/>
        <Attr Name="UsedIn" Val="simulation"/>
      </FileInfo>
    </File>
    <File Path="$PSRCDIR/sources_1/imports/labs/project_6.1/project_6.1.srcs/sources_1/imports/vivado/labs/FA/FA.vhd">
      <FileInfo>
        <Attr Name="ImportPath" Val="$PPRDIR/../../../vivado/labs/FA/FA.vhd"/>
        <Attr Name="ImportTime" Val="1710233934"/>
        <Attr Name="UsedIn" Val="synthesis"/>
        <Attr Name="UsedIn" Val="simulation"/>
      </FileInfo>
    </File>
    <File Path="$PSRCDIR/sources_1/imports/labs/project_6.1/project_6.1.srcs/sources_1/imports/vivado/labs/HA/HA.vhd">
      <FileInfo>
        <Attr Name="ImportPath" Val="$PPRDIR/../../../vivado/labs/HA/HA.vhd"/>
        <Attr Name="ImportTime" Val="1710233912"/>
        <Attr Name="UsedIn" Val="synthesis"/>
        <Attr Name="UsedIn" Val="simulation"/>
      </FileInfo>
    </File>
    <File Path="$PSRCDIR/sources_1/imports/labs/project_6.1/project_6.1.srcs/sources_1/imports/semester 2/cod/labs/7 segment display/lab_7__7_segment_display/lab_7__7_segment_display.srcs/sources_1/new/LUT_16_7.vhd">
      <FileInfo>
        <Attr Name="ImportPath" Val="$PPRDIR/../labs/7 segment display/lab_7__7_segment_display/lab_7__7_segment_display.srcs/sources_1/new/LUT_16_7.vhd"/>
        <Attr Name="ImportTime" Val="1711096919"/>
        <Attr Name="UsedIn" Val="synthesis"/>
        <Attr Name="UsedIn" Val="simulation"/>
      </FileInfo>
    </File>
    <File Path="$PSRCDIR/sources_1/imports/labs/project_6.1/project_6.1.srcs/sources_1/imports/sources_1/new/MUX_2_way_4_bit.vhd">
      <FileInfo>
        <Attr Name="ImportPath" Val="$PPRDIR/../../../../ASUS/AppData/Local/Temp/e749c53d-5b00-4c18-9b16-af04d0c9c4db_final nano processor with multiplier.zip.4db/Vivado Nano Processor/final_project/final_project.srcs/sources_1/new/MUX_2_way_4_bit.vhd"/>
        <Attr Name="ImportTime" Val="1712244526"/>
        <Attr Name="UsedIn" Val="synthesis"/>
        <Attr Name="UsedIn" Val="simulation"/>
      </FileInfo>
    </File>
    <File Path="$PSRCDIR/sources_1/imports/labs/project_6.1/project_6.1.srcs/sources_1/imports/sources_1/new/MUX_8_way_4_bit.vhd">
      <FileInfo>
        <Attr Name="ImportPath" Val="$PPRDIR/../../../../ASUS/AppData/Local/Temp/e749c53d-5b00-4c18-9b16-af04d0c9c4db_final nano processor with multiplier.zip.4db/Vivado Nano Processor/final_project/final_project.srcs/sources_1/new/MUX_8_way_4_bit.vhd"/>
        <Attr Name="ImportTime" Val="1712252191"/>
        <Attr Name="UsedIn" Val="synthesis"/>
        <Attr Name="UsedIn" Val="simulation"/>
      </FileInfo>
    </File>
    <File Path="$PSRCDIR/sources_1/imports/labs/project_6.1/project_6.1.srcs/sources_1/imports/semester 2/cod/labs/ALU/lab_6 ALU/alu.srcs/sources_1/new/Reg.vhd">
      <FileInfo>
        <Attr Name="ImportPath" Val="$PPRDIR/../labs/ALU/lab_6 ALU/alu.srcs/sources_1/new/Reg.vhd"/>
        <Attr Name="ImportTime" Val="1713430604"/>
        <Attr Name="UsedIn" Val="synthesis"/>
        <Attr Name="UsedIn" Val="simulation"/>
      </FileInfo>
    </File>
    <File Path="$PSRCDIR/sources_1/imports/labs/project_6.1/project_6.1.srcs/sources_1/imports/sources_1/new/Register_Bank.vhd">
      <FileInfo>
        <Attr Name="ImportPath" Val="$PPRDIR/../../../../ASUS/AppData/Local/Temp/e749c53d-5b00-4c18-9b16-af04d0c9c4db_final nano processor with multiplier.zip.4db/Vivado Nano Processor/final_project/final_project.srcs/sources_1/new/Register_Bank.vhd"/>
        <Attr Name="ImportTime" Val="1712604402"/>
        <Attr Name="UsedIn" Val="synthesis"/>
        <Attr Name="UsedIn" Val="simulation"/>
      </FileInfo>
    </File>
    <File Path="$PSRCDIR/sources_1/imports/labs/project_6.1/project_6.1.srcs/sources_1/imports/semester 2/cod/labs/counter/project_1/project_1.srcs/sources_1/new/Slow_Clkk.vhd">
      <FileInfo>
        <Attr Name="ImportPath" Val="$PPRDIR/../labs/counter/project_1/project_1.srcs/sources_1/new/Slow_Clkk.vhd"/>
        <Attr Name="ImportTime" Val="1709903627"/>
        <Attr Name="UsedIn" Val="synthesis"/>
        <Attr Name="UsedIn" Val="simulation"/>
      </FileInfo>
    </File>
    <File Path="$PSRCDIR/sources_1/imports/labs/project_6.1/project_6.1.srcs/sources_1/imports/sources_1/new/add_sub_4bit_unit.vhd">
      <FileInfo>
        <Attr Name="ImportPath" Val="$PPRDIR/../../../../ASUS/AppData/Local/Temp/e749c53d-5b00-4c18-9b16-af04d0c9c4db_final nano processor with multiplier.zip.4db/Vivado Nano Processor/final_project/final_project.srcs/sources_1/new/add_sub_4bit_unit.vhd"/>
        <Attr Name="ImportTime" Val="1712674003"/>
        <Attr Name="UsedIn" Val="synthesis"/>
        <Attr Name="UsedIn" Val="simulation"/>
      </FileInfo>
    </File>
    <File Path="$PSRCDIR/sources_1/imports/labs/project_6.1/project_6.1.srcs/sources_1/imports/sources_1/new/adder_3_bit.vhd">
      <FileInfo>
        <Attr Name="ImportPath" Val="$PPRDIR/../../../../ASUS/AppData/Local/Temp/e749c53d-5b00-4c18-9b16-af04d0c9c4db_final nano processor with multiplier.zip.4db/Vivado Nano Processor/final_project/final_project.srcs/sources_1/new/adder_3_bit.vhd"/>
        <Attr Name="ImportTime" Val="1712670721"/>
        <Attr Name="UsedIn" Val="synthesis"/>
        <Attr Name="UsedIn" Val="simulation"/>
      </FileInfo>
    </File>
    <File Path="$PSRCDIR/sources_1/imports/labs/project_6.1/project_6.1.srcs/sources_1/imports/sources_1/new/instruction_Decoder.vhd">
      <FileInfo>
        <Attr Name="ImportPath" Val="$PPRDIR/../../../../ASUS/AppData/Local/Temp/e749c53d-5b00-4c18-9b16-af04d0c9c4db_final nano processor with multiplier.zip.4db/Vivado Nano Processor/final_project/final_project.srcs/sources_1/new/instruction_Decoder.vhd"/>
        <Attr Name="ImportTime" Val="1712665748"/>
        <Attr Name="UsedIn" Val="synthesis"/>
        <Attr Name="UsedIn" Val="simulation"/>
      </FileInfo>
    </File>
    <File Path="$PSRCDIR/sources_1/imports/labs/project_6.1/project_6.1.srcs/sources_1/imports/semester 2/cod/labs/Multiplier/Multiplier.srcs/sources_1/new/multiplier.vhd">
      <FileInfo>
        <Attr Name="ImportPath" Val="$PPRDIR/../labs/Multiplier/Multiplier.srcs/sources_1/new/multiplier.vhd"/>
        <Attr Name="ImportTime" Val="1713435025"/>
        <Attr Name="UsedIn" Val="synthesis"/>
        <Attr Name="UsedIn" Val="simulation"/>
      </FileInfo>
    </File>
    <File Path="$PSRCDIR/sources_1/imports/labs/project_6.1/project_6.1.srcs/sources_1/imports/sources_1/new/program_ROM.vhd">
      <FileInfo>
        <Attr Name="ImportPath" Val="$PPRDIR/../../../../ASUS/AppData/Local/Temp/e749c53d-5b00-4c18-9b16-af04d0c9c4db_final nano processor with multiplier.zip.4db/Vivado Nano Processor/final_project/final_project.srcs/sources_1/new/program_ROM.vhd"/>
        <Attr Name="ImportTime" Val="1712651970"/>
        <Attr Name="UsedIn" Val="synthesis"/>
        <Attr Name="UsedIn" Val="simulation"/>
      </FileInfo>
    </File>
    <File Path="$PSRCDIR/sources_1/imports/labs/project_6.1/project_6.1.srcs/sources_1/imports/sources_1/new/program_counter.vhd">
      <FileInfo>
        <Attr Name="ImportPath" Val="$PPRDIR/../../../../ASUS/AppData/Local/Temp/e749c53d-5b00-4c18-9b16-af04d0c9c4db_final nano processor with multiplier.zip.4db/Vivado Nano Processor/final_project/final_project.srcs/sources_1/new/program_counter.vhd"/>
        <Attr Name="ImportTime" Val="1712728085"/>
        <Attr Name="UsedIn" Val="synthesis"/>
        <Attr Name="UsedIn" Val="simulation"/>
      </FileInfo>
    </File>
    <File Path="$PSRCDIR/sources_1/imports/labs/project_6.1/project_6.1.srcs/sources_1/imports/sources_1/new/Nanoprocessor.vhd">
      <FileInfo>
        <Attr Name="ImportPath" Val="$PPRDIR/../../../../ASUS/AppData/Local/Temp/e749c53d-5b00-4c18-9b16-af04d0c9c4db_final nano processor with multiplier.zip.4db/Vivado Nano Processor/final_project/final_project.srcs/sources_1/new/Nanoprocessor.vhd"/>
        <Attr Name="ImportTime" Val="1712690227"/>
        <Attr Name="UsedIn" Val="synthesis"/>
        <Attr Name="UsedIn" Val="simulation"/>
      </FileInfo>
    </File>
    <File Path="$PPRDIR/../../../Lab_4/Lab_4.srcs/sources_1/new/Decoder_2_to_4.vhd">
      <FileInfo>
        <Attr Name="AutoDisabled" Val="1"/>
        <Attr Name="UsedIn" Val="synthesis"/>
        <Attr Name="UsedIn" Val="simulation"/>
      </FileInfo>
    </File>
    <File Path="$PPRDIR/../../../Lab_4/Lab_4.srcs/sources_1/new/Decoder_3_to_8.vhd">
      <FileInfo>
        <Attr Name="AutoDisabled" Val="1"/>
        <Attr Name="UsedIn" Val="synthesis"/>
        <Attr Name="UsedIn" Val="simulation"/>
      </FileInfo>
    </File>
    <File Path="$PPRDIR/../../../../ASUS/AppData/Local/Temp/e749c53d-5b00-4c18-9b16-af04d0c9c4db_final nano processor with multiplier.zip.4db/Labs/src/FA.vhd">
      <FileInfo>
        <Attr Name="AutoDisabled" Val="1"/>
        <Attr Name="UsedIn" Val="synthesis"/>
        <Attr Name="UsedIn" Val="simulation"/>
      </FileInfo>
    </File>
    <File Path="$PPRDIR/../../../../ASUS/AppData/Local/Temp/e749c53d-5b00-4c18-9b16-af04d0c9c4db_final nano processor with multiplier.zip.4db/Labs/src/HA.vhd">
      <FileInfo>
        <Attr Name="AutoDisabled" Val="1"/>
        <Attr Name="UsedIn" Val="synthesis"/>
        <Attr Name="UsedIn" Val="simulation"/>
      </FileInfo>
    </File>
    <File Path="$PPRDIR/../../../../ASUS/AppData/Local/Temp/e749c53d-5b00-4c18-9b16-af04d0c9c4db_final nano processor with multiplier.zip.4db/Labs/Lab_8/Lab_8.srcs/sources_1/new/LUT_16_7.vhd">
      <FileInfo>
        <Attr Name="AutoDisabled" Val="1"/>
        <Attr Name="UsedIn" Val="synthesis"/>
        <Attr Name="UsedIn" Val="simulation"/>
      </FileInfo>
    </File>
    <File Path="$PPRDIR/../../../../ASUS/AppData/Local/Temp/e749c53d-5b00-4c18-9b16-af04d0c9c4db_final nano processor with multiplier.zip.4db/Labs/Lab_7/Lab_7.srcs/sources_1/new/Reg.vhd">
      <FileInfo>
        <Attr Name="AutoDisabled" Val="1"/>
        <Attr Name="UsedIn" Val="synthesis"/>
        <Attr Name="UsedIn" Val="simulation"/>
      </FileInfo>
    </File>
    <File Path="$PPRDIR/../../../../ASUS/AppData/Local/Temp/e749c53d-5b00-4c18-9b16-af04d0c9c4db_final nano processor with multiplier.zip.4db/Labs/Lab_6/Lab_6.srcs/sources_1/new/Slow_Clk.vhd">
      <FileInfo>
        <Attr Name="AutoDisabled" Val="1"/>
        <Attr Name="UsedIn" Val="synthesis"/>
        <Attr Name="UsedIn" Val="simulation"/>
      </FileInfo>
    </File>
    <File Path="$PSRCDIR/sources_1/imports/labs/final nano processor with multiplier/final nano processor with multiplier.srcs/sources_1/new/2_way_3_bit_MUX.vhd">
      <FileInfo>
        <Attr Name="AutoDisabled" Val="1"/>
        <Attr Name="ImportPath" Val="$PPRDIR/../labs/final nano processor with multiplier/final nano processor with multiplier.srcs/sources_1/new/2_way_3_bit_MUX.vhd"/>
        <Attr Name="ImportTime" Val="1713517720"/>
        <Attr Name="UsedIn" Val="synthesis"/>
        <Attr Name="UsedIn" Val="simulation"/>
      </FileInfo>
    </File>
    <Config>
      <Option Name="DesignMode" Val="RTL"/>
      <Option Name="TopModule" Val="Nanoprocessor"/>
    </Config>
  </FileSet>
  <FileSet Name="constrs_in" Type="Constrs" RelSrcDir="$PSRCDIR/constrs_1">
    <Filter Type="Constrs"/>
    <File Path="$PSRCDIR/constrs_1/imports/Desktop/Basys3Labs.xdc">
      <FileInfo>
        <Attr Name="ImportPath" Val="$PPRDIR/../../../../ASUS/Desktop/Basys3Labs.xdc"/>
        <Attr Name="ImportTime" Val="1713945020"/>
        <Attr Name="UsedIn" Val="synthesis"/>
        <Attr Name="UsedIn" Val="implementation"/>
      </FileInfo>
    </File>
    <Config>
      <Option Name="ConstrsType" Val="XDC"/>
    </Config>
  </FileSet>
  <Strategy Version="1" Minor="2">
    <StratHandle Name="Vivado Implementation Defaults" Flow="Vivado Implementation 2018"/>
    <Step Id="init_design"/>
    <Step Id="opt_design"/>
    <Step Id="power_opt_design"/>
    <Step Id="place_design"/>
    <Step Id="post_place_power_opt_design"/>
    <Step Id="phys_opt_design"/>
    <Step Id="route_design"/>
    <Step Id="post_route_phys_opt_design"/>
    <Step Id="write_bitstream"/>
  </Strategy>
</GenRun>
