<?xml version="1.0" encoding="UTF-8"?>
<GenRun Id="synth_1" LaunchPart="xc7a35tcpg236-1" LaunchTime="1714914229">
  <File Type="PA-TCL" Name="Nanoprocessor.tcl"/>
  <File Type="RDS-PROPCONSTRS" Name="Nanoprocessor_drc_synth.rpt"/>
  <File Type="REPORTS-TCL" Name="Nanoprocessor_reports.tcl"/>
  <File Type="RDS-RDS" Name="Nanoprocessor.vds"/>
  <File Type="RDS-UTIL" Name="Nanoprocessor_utilization_synth.rpt"/>
  <File Type="RDS-UTIL-PB" Name="Nanoprocessor_utilization_synth.pb"/>
  <File Type="RDS-DCP" Name="Nanoprocessor.dcp"/>
  <File Type="VDS-TIMINGSUMMARY" Name="Nanoprocessor_timing_summary_synth.rpt"/>
  <File Type="VDS-TIMING-PB" Name="Nanoprocessor_timing_summary_synth.pb"/>
  <FileSet Name="sources" Type="DesignSrcs" RelSrcDir="$PSRCDIR/sources_1">
    <Filter Type="Srcs"/>
    <File Path="$PSRCDIR/sources_1/imports/labs/project_6.1/project_6.1.srcs/sources_1/imports/sources_1/new/2_way_3_bit_MUX.vhd">
      <FileInfo>
        <Attr Name="ImportPath" Val="$PPRDIR/../../../../ASUS/AppData/Local/Temp/e749c53d-5b00-4c18-9b16-af04d0c9c4db_final nano processor with multiplier.zip.4db/Vivado Nano Processor/final_project/final_project.srcs/sources_1/new/2_way_3_bit_MUX.vhd"/>
        <Attr Name="ImportTime" Val="1712243035"/>
        <Attr Name="UsedIn" Val="synthesis"/>
        <Attr Name="UsedIn" Val="simulation"/>
      </FileInfo>
    </File>
    <File Path="$PSRCDIR/sources_1/imports/labs/project_6.1/project_6.1.srcs/sources_1/imports/vivado/Vivado/lab3/lab3.srcs/sources_1/new/Decoder_3_to_8.vhd">
      <FileInfo>
        <Attr Name="ImportPath" Val="$PPRDIR/../../../vivado/Vivado/lab3/lab3.srcs/sources_1/new/Decoder_3_to_8.vhd"/>
        <Attr Name="ImportTime" Val="1713515552"/>
        <Attr Name="UsedIn" Val="synthesis"/>
        <Attr Name="UsedIn" Val="simulation"/>
      </FileInfo>
    </File>
    <File Path="$PSRCDIR/sources_1/imports/labs/project_6.1/project_6.1.srcs/sources_1/imports/vivado/labs/FA/FA.vhd">
      <FileInfo>
        <Attr Name="ImportPath" Val="$PPRDIR/../../../vivado/labs/FA/FA.vhd"/>
        <Attr Name="ImportTime" Val="1710233934"/>
        <Attr Name="UsedIn" Val="synthesis"/>
        <Attr Name="UsedIn" Val="simulation"/>
      </FileInfo>
    </File>
    <File Path="$PSRCDIR/sources_1/imports/labs/project_6.1/project_6.1.srcs/sources_1/imports/vivado/labs/HA/HA.vhd">
      <FileInfo>
        <Attr Name="ImportPath" Val="$PPRDIR/../../../vivado/labs/HA/HA.vhd"/>
        <Attr Name="ImportTime" Val="1710233912"/>
        <Attr Name="UsedIn" Val="synthesis"/>
        <Attr Name="UsedIn" Val="simulation"/>
      </FileInfo>
    </File>
    <File Path="$PSRCDIR/sources_1/imports/labs/project_6.1/project_6.1.srcs/sources_1/imports/semester 2/cod/labs/7 segment display/lab_7__7_segment_display/lab_7__7_segment_display.srcs/sources_1/new/LUT_16_7.vhd">
      <FileInfo>
        <Attr Name="ImportPath" Val="$PPRDIR/../labs/7 segment display/lab_7__7_segment_display/lab_7__7_segment_display.srcs/sources_1/new/LUT_16_7.vhd"/>
        <Attr Name="ImportTime" Val="1711096919"/>
        <Attr Name="UsedIn" Val="synthesis"/>
        <Attr Name="UsedIn" Val="simulation"/>
      </FileInfo>
    </File>
    <File Path="$PSRCDIR/sources_1/imports/labs/project_6.1/project_6.1.srcs/sources_1/imports/sources_1/new/MUX_2_way_4_bit.vhd">
      <FileInfo>
        <Attr Name="ImportPath" Val="$PPRDIR/../../../../ASUS/AppData/Local/Temp/e749c53d-5b00-4c18-9b16-af04d0c9c4db_final nano processor with multiplier.zip.4db/Vivado Nano Processor/final_project/final_project.srcs/sources_1/new/MUX_2_way_4_bit.vhd"/>
        <Attr Name="ImportTime" Val="1712244526"/>
        <Attr Name="UsedIn" Val="synthesis"/>
        <Attr Name="UsedIn" Val="simulation"/>
      </FileInfo>
    </File>
    <File Path="$PSRCDIR/sources_1/imports/labs/project_6.1/project_6.1.srcs/sources_1/imports/sources_1/new/MUX_8_way_4_bit.vhd">
      <FileInfo>
        <Attr Name="ImportPath" Val="$PPRDIR/../../../../ASUS/AppData/Local/Temp/e749c53d-5b00-4c18-9b16-af04d0c9c4db_final nano processor with multiplier.zip.4db/Vivado Nano Processor/final_project/final_project.srcs/sources_1/new/MUX_8_way_4_bit.vhd"/>
        <Attr Name="ImportTime" Val="1712252191"/>
        <Attr Name="UsedIn" Val="synthesis"/>
        <Attr Name="UsedIn" Val="simulation"/>
      </FileInfo>
    </File>
    <File Path="$PSRCDIR/sources_1/imports/labs/project_6.1/project_6.1.srcs/sources_1/imports/semester 2/cod/labs/ALU/lab_6 ALU/alu.srcs/sources_1/new/Reg.vhd">
      <FileInfo>
        <Attr Name="ImportPath" Val="$PPRDIR/../labs/ALU/lab_6 ALU/alu.srcs/sources_1/new/Reg.vhd"/>
        <Attr Name="ImportTime" Val="1713430604"/>
        <Attr Name="UsedIn" Val="synthesis"/>
        <Attr Name="UsedIn" Val="simulation"/>
      </FileInfo>
    </File>
    <File Path="$PSRCDIR/sources_1/imports/labs/project_6.1/project_6.1.srcs/sources_1/imports/sources_1/new/Register_Bank.vhd">
      <FileInfo>
        <Attr Name="ImportPath" Val="$PPRDIR/../../../../ASUS/AppData/Local/Temp/e749c53d-5b00-4c18-9b16-af04d0c9c4db_final nano processor with multiplier.zip.4db/Vivado Nano Processor/final_project/final_project.srcs/sources_1/new/Register_Bank.vhd"/>
        <Attr Name="ImportTime" Val="1712604402"/>
        <Attr Name="UsedIn" Val="synthesis"/>
        <Attr Name="UsedIn" Val="simulation"/>
      </FileInfo>
    </File>
    <File Path="$PSRCDIR/sources_1/imports/labs/project_6.1/project_6.1.srcs/sources_1/imports/semester 2/cod/labs/counter/project_1/project_1.srcs/sources_1/new/Slow_Clkk.vhd">
      <FileInfo>
        <Attr Name="ImportPath" Val="$PPRDIR/../labs/counter/project_1/project_1.srcs/sources_1/new/Slow_Clkk.vhd"/>
        <Attr Name="ImportTime" Val="1709903627"/>
        <Attr Name="UsedIn" Val="synthesis"/>
        <Attr Name="UsedIn" Val="simulation"/>
      </FileInfo>
    </File>
    <File Path="$PSRCDIR/sources_1/imports/labs/project_6.1/project_6.1.srcs/sources_1/imports/sources_1/new/add_sub_4bit_unit.vhd">
      <FileInfo>
        <Attr Name="ImportPath" Val="$PPRDIR/../../../../ASUS/AppData/Local/Temp/e749c53d-5b00-4c18-9b16-af04d0c9c4db_final nano processor with multiplier.zip.4db/Vivado Nano Processor/final_project/final_project.srcs/sources_1/new/add_sub_4bit_unit.vhd"/>
        <Attr Name="ImportTime" Val="1712674003"/>
        <Attr Name="UsedIn" Val="synthesis"/>
        <Attr Name="UsedIn" Val="simulation"/>
      </FileInfo>
    </File>
    <File Path="$PSRCDIR/sources_1/imports/labs/project_6.1/project_6.1.srcs/sources_1/imports/sources_1/new/adder_3_bit.vhd">
      <FileInfo>
        <Attr Name="ImportPath" Val="$PPRDIR/../../../../ASUS/AppData/Local/Temp/e749c53d-5b00-4c18-9b16-af04d0c9c4db_final nano processor with multiplier.zip.4db/Vivado Nano Processor/final_project/final_project.srcs/sources_1/new/adder_3_bit.vhd"/>
        <Attr Name="ImportTime" Val="1712670721"/>
        <Attr Name="UsedIn" Val="synthesis"/>
        <Attr Name="UsedIn" Val="simulation"/>
      </FileInfo>
    </File>
    <File Path="$PSRCDIR/sources_1/imports/labs/project_6.1/project_6.1.srcs/sources_1/imports/sources_1/new/instruction_Decoder.vhd">
      <FileInfo>
        <Attr Name="ImportPath" Val="$PPRDIR/../../../../ASUS/AppData/Local/Temp/e749c53d-5b00-4c18-9b16-af04d0c9c4db_final nano processor with multiplier.zip.4db/Vivado Nano Processor/final_project/final_project.srcs/sources_1/new/instruction_Decoder.vhd"/>
        <Attr Name="ImportTime" Val="1712665748"/>
        <Attr Name="UsedIn" Val="synthesis"/>
        <Attr Name="UsedIn" Val="simulation"/>
      </FileInfo>
    </File>
    <File Path="$PSRCDIR/sources_1/imports/labs/project_6.1/project_6.1.srcs/sources_1/imports/semester 2/cod/labs/Multiplier/Multiplier.srcs/sources_1/new/multiplier.vhd">
      <FileInfo>
        <Attr Name="ImportPath" Val="$PPRDIR/../labs/Multiplier/Multiplier.srcs/sources_1/new/multiplier.vhd"/>
        <Attr Name="ImportTime" Val="1713435025"/>
        <Attr Name="UsedIn" Val="synthesis"/>
        <Attr Name="UsedIn" Val="simulation"/>
      </FileInfo>
    </File>
    <File Path="$PSRCDIR/sources_1/imports/labs/project_6.1/project_6.1.srcs/sources_1/imports/sources_1/new/program_ROM.vhd">
      <FileInfo>
        <Attr Name="ImportPath" Val="$PPRDIR/../../../../ASUS/AppData/Local/Temp/e749c53d-5b00-4c18-9b16-af04d0c9c4db_final nano processor with multiplier.zip.4db/Vivado Nano Processor/final_project/final_project.srcs/sources_1/new/program_ROM.vhd"/>
        <Attr Name="ImportTime" Val="1712651970"/>
        <Attr Name="UsedIn" Val="synthesis"/>
        <Attr Name="UsedIn" Val="simulation"/>
      </FileInfo>
    </File>
    <File Path="$PSRCDIR/sources_1/imports/labs/project_6.1/project_6.1.srcs/sources_1/imports/sources_1/new/program_counter.vhd">
      <FileInfo>
        <Attr Name="ImportPath" Val="$PPRDIR/../../../../ASUS/AppData/Local/Temp/e749c53d-5b00-4c18-9b16-af04d0c9c4db_final nano processor with multiplier.zip.4db/Vivado Nano Processor/final_project/final_project.srcs/sources_1/new/program_counter.vhd"/>
        <Attr Name="ImportTime" Val="1712728085"/>
        <Attr Name="UsedIn" Val="synthesis"/>
        <Attr Name="UsedIn" Val="simulation"/>
      </FileInfo>
    </File>
    <File Path="$PSRCDIR/sources_1/imports/labs/project_6.1/project_6.1.srcs/sources_1/imports/sources_1/new/Nanoprocessor.vhd">
      <FileInfo>
        <Attr Name="ImportPath" Val="$PPRDIR/../../../../ASUS/AppData/Local/Temp/e749c53d-5b00-4c18-9b16-af04d0c9c4db_final nano processor with multiplier.zip.4db/Vivado Nano Processor/final_project/final_project.srcs/sources_1/new/Nanoprocessor.vhd"/>
        <Attr Name="ImportTime" Val="1712690227"/>
        <Attr Name="UsedIn" Val="synthesis"/>
        <Attr Name="UsedIn" Val="simulation"/>
      </FileInfo>
    </File>
    <File Path="$PPRDIR/../../../Lab_4/Lab_4.srcs/sources_1/new/Decoder_2_to_4.vhd">
      <FileInfo>
        <Attr Name="AutoDisabled" Val="1"/>
        <Attr Name="UsedIn" Val="synthesis"/>
        <Attr Name="UsedIn" Val="simulation"/>
      </FileInfo>
    </File>
    <File Path="$PPRDIR/../../../Lab_4/Lab_4.srcs/sources_1/new/Decoder_3_to_8.vhd">
      <FileInfo>
        <Attr Name="AutoDisabled" Val="1"/>
        <Attr Name="UsedIn" Val="synthesis"/>
        <Attr Name="UsedIn" Val="simulation"/>
      </FileInfo>
    </File>
    <File Path="$PPRDIR/../../../../ASUS/AppData/Local/Temp/e749c53d-5b00-4c18-9b16-af04d0c9c4db_final nano processor with multiplier.zip.4db/Labs/src/FA.vhd">
      <FileInfo>
        <Attr Name="AutoDisabled" Val="1"/>
        <Attr Name="UsedIn" Val="synthesis"/>
        <Attr Name="UsedIn" Val="simulation"/>
      </FileInfo>
    </File>
    <File Path="$PPRDIR/../../../../ASUS/AppData/Local/Temp/e749c53d-5b00-4c18-9b16-af04d0c9c4db_final nano processor with multiplier.zip.4db/Labs/src/HA.vhd">
      <FileInfo>
        <Attr Name="AutoDisabled" Val="1"/>
        <Attr Name="UsedIn" Val="synthesis"/>
        <Attr Name="UsedIn" Val="simulation"/>
      </FileInfo>
    </File>
    <File Path="$PPRDIR/../../../../ASUS/AppData/Local/Temp/e749c53d-5b00-4c18-9b16-af04d0c9c4db_final nano processor with multiplier.zip.4db/Labs/Lab_8/Lab_8.srcs/sources_1/new/LUT_16_7.vhd">
      <FileInfo>
        <Attr Name="AutoDisabled" Val="1"/>
        <Attr Name="UsedIn" Val="synthesis"/>
        <Attr Name="UsedIn" Val="simulation"/>
      </FileInfo>
    </File>
    <File Path="$PPRDIR/../../../../ASUS/AppData/Local/Temp/e749c53d-5b00-4c18-9b16-af04d0c9c4db_final nano processor with multiplier.zip.4db/Labs/Lab_7/Lab_7.srcs/sources_1/new/Reg.vhd">
      <FileInfo>
        <Attr Name="AutoDisabled" Val="1"/>
        <Attr Name="UsedIn" Val="synthesis"/>
        <Attr Name="UsedIn" Val="simulation"/>
      </FileInfo>
    </File>
    <File Path="$PPRDIR/../../../../ASUS/AppData/Local/Temp/e749c53d-5b00-4c18-9b16-af04d0c9c4db_final nano processor with multiplier.zip.4db/Labs/Lab_6/Lab_6.srcs/sources_1/new/Slow_Clk.vhd">
      <FileInfo>
        <Attr Name="AutoDisabled" Val="1"/>
        <Attr Name="UsedIn" Val="synthesis"/>
        <Attr Name="UsedIn" Val="simulation"/>
      </FileInfo>
    </File>
    <File Path="$PSRCDIR/sources_1/imports/labs/final nano processor with multiplier/final nano processor with multiplier.srcs/sources_1/new/2_way_3_bit_MUX.vhd">
      <FileInfo>
        <Attr Name="AutoDisabled" Val="1"/>
        <Attr Name="ImportPath" Val="$PPRDIR/../labs/final nano processor with multiplier/final nano processor with multiplier.srcs/sources_1/new/2_way_3_bit_MUX.vhd"/>
        <Attr Name="ImportTime" Val="1713517720"/>
        <Attr Name="UsedIn" Val="synthesis"/>
        <Attr Name="UsedIn" Val="simulation"/>
      </FileInfo>
    </File>
    <Config>
      <Option Name="DesignMode" Val="RTL"/>
      <Option Name="TopModule" Val="Nanoprocessor"/>
    </Config>
  </FileSet>
  <FileSet Name="constrs_in" Type="Constrs" RelSrcDir="$PSRCDIR/constrs_1">
    <Filter Type="Constrs"/>
    <File Path="$PSRCDIR/constrs_1/imports/Desktop/Basys3Labs.xdc">
      <FileInfo>
        <Attr Name="ImportPath" Val="$PPRDIR/../../../../ASUS/Desktop/Basys3Labs.xdc"/>
        <Attr Name="ImportTime" Val="1713945020"/>
        <Attr Name="UsedIn" Val="synthesis"/>
        <Attr Name="UsedIn" Val="implementation"/>
      </FileInfo>
    </File>
    <Config>
      <Option Name="ConstrsType" Val="XDC"/>
    </Config>
  </FileSet>
  <Strategy Version="1" Minor="2">
    <StratHandle Name="Vivado Synthesis Defaults" Flow="Vivado Synthesis 2018"/>
    <Step Id="synth_design"/>
  </Strategy>
</GenRun>
